{"_wandb":{"runtime":4197},"_runtime":4197,"_timestamp":1.7608606134291413e+09,"lr_lora":7.940987335200904e-05,"val_loss":0.33891048287185505,"epoch":3,"train_loss":0.24433137510376152,"lr_uem":7.959536998847744e-06,"_step":2}